Dataset,Fold,Oversampling,Classifier,k,Balanced F-Measure,F1-Score Macro,FN,FP,G-Measure,Majority Accuracy,Minority Accuracy,ROC AUC Score,TN,TP
Creditcard Fraud,1,No Oversampling,Logistic Regression,1000,0.7323943661971831,0.8659465477159108,21.0,36.0,0.8873443420326675,0.9993668993897613,0.7878787878787878,0.8936228436342746,56827.0,78.0
Creditcard Fraud,2,No Oversampling,Logistic Regression,1000,0.6754966887417219,0.8375330032969681,48.0,1.0,0.7177342513988016,0.9999824138719379,0.5151515151515151,0.7575669645117264,56862.0,51.0
