Dataset,Oversampling,Classifier,Balanced F-Measure,G-Measure,Majority Accuracy,Minority Accuracy,ROC AUC Score
Creditcard Fraud,K-Means,Logistic Regression,0.8852851266570221,0.8854435604698833,0.9995356951909278,0.7890625,0.8942990975954639
Creditcard Fraud,K-Means on Autoencoder Encoding,Logistic Regression,0.4708138238573021,0.47156629625493146,0.8912963953063004,0.0,0.4456481976531502
Creditcard Fraud,No Oversampling,Logistic Regression,0.8078135901012573,0.8309111870014113,0.9998733714157075,0.4765625,0.7382179357078538
Creditcard Fraud,Random Clustering,Logistic Regression,0.6321381547019219,0.7352454429620205,0.9916425134366997,0.875,0.9333212567183499
Creditcard Fraud,SMOTE,Logistic Regression,0.6313201056115136,0.7348774641293397,0.9915721642232039,0.875,0.933286082111602
