Dataset,Fold,Oversampling,Classifier,k,Balanced F-Measure,Diversity,F1-Score Macro,FN,FP,G-Measure,Majority Accuracy,Minority Accuracy,ROC AUC Score,TN,TP,k
Creditcard Fraud,1,SMOTE,Logistic Regression,28874,0.14296463506395787,1.0651043557251327,0.5664243664684326,4.0,1135.0,0.9697639811877115,0.9800397446494206,0.9595959595959596,0.9698178521226901,55728.0,95.0,28874.0
Creditcard Fraud,2,SMOTE,Logistic Regression,28874,0.2939189189189189,1.1876156906456492,0.6451153201166437,12.0,406.0,0.9340842368119056,0.9928600320067531,0.8787878787878788,0.935823955397316,56457.0,87.0,28874.0
Creditcard Fraud,3,SMOTE,Logistic Regression,28874,0.1978021978021978,1.2658284600837733,0.5959966666579223,17.0,640.0,0.9040065870338418,0.9887448780402018,0.826530612244898,0.9076377451425499,56223.0,81.0,28874.0
Creditcard Fraud,4,SMOTE,Logistic Regression,28874,0.2569343065693431,1.1391463471733365,0.6262196546755597,10.0,499.0,0.9434400684194624,0.9912245220969699,0.8979591836734694,0.9445918528852196,56364.0,88.0,28874.0
Creditcard Fraud,5,SMOTE,Logistic Regression,28874,0.44808743169398907,1.1527954017987119,0.7231542868428028,16.0,186.0,0.9132347552027128,0.9967289801804337,0.8367346938775511,0.9167318370289924,56677.0,82.0,28874.0
