Dataset,Oversampling,Classifier,Balanced F-Measure,G-Measure,Majority Accuracy,Minority Accuracy,ROC AUC Score
MNIST Imbalanced 1+7,Autoencoder Clustering,Logistic Regression,0.5308505572667886,0.702434407554399,0.8079295154185022,1.0,0.9039647577092511
MNIST Imbalanced 1+7,K-Means,Logistic Regression,1.0,1.0,1.0,1.0,1.0
MNIST Imbalanced 1+7,K-Means on Autoencoder Encoding,Logistic Regression,1.0,1.0,1.0,1.0,1.0
MNIST Imbalanced 1+7,No Oversampling,Logistic Regression,0.9881519256960872,0.9883534740307645,1.0,0.9545454545454546,0.9772727272727273
MNIST Imbalanced 1+7,SMOTE,Logistic Regression,0.9886685274962048,0.9888528291107321,0.9991189427312775,1.0,0.9995594713656388
MNIST Imbalanced 7+8,Autoencoder Clustering,Logistic Regression,0.7303513112320633,0.7858581928333773,0.9640077821011673,0.9,0.9320038910505837
MNIST Imbalanced 7+8,K-Means,Logistic Regression,0.9195949056314255,0.9205083355229738,0.9980544747081712,0.8,0.8990272373540856
MNIST Imbalanced 7+8,K-Means on Autoencoder Encoding,Logistic Regression,0.8980544747081713,0.8980544747081712,0.9961089494163424,0.8,0.8980544747081712
MNIST Imbalanced 7+8,No Oversampling,Logistic Regression,0.9103098077252239,0.9206160161161622,1.0,0.7,0.85
MNIST Imbalanced 7+8,SMOTE,Logistic Regression,0.934682073719507,0.9349049397567955,0.9980544747081712,0.85,0.9240272373540857
